NULL
alistar, al, ali, alis, alist
annie, ann, anni, tibbers
ash, ashe
fiddlesticks, fid, fidd, fiddl, fiddle, scarecrow
jax, real weapon, imagine if i had a real weapon
kayle, kayl
master yi, yi, master, masteryi
morgana, morg, morga, black shield
nunu and willump, nunu, willump, nunu & willump
ryze, ryz,
sion, sio
sivir, siv, sivi
soraka, sor, sora, sorak, raka
teemo, teem, shroom, shrooms
tristana, tri, tris, trist, trista, tristan, bandlegunner
twisted fate, tf, twis, twist, twiste, twisted, fate
warwick, ww, war, warw, warwi, warwic, wick, vander
singed, sin, sing, singe
zilean, zil, zile, zilea, groovy
evelynn, eve, evel, evely, evelyn
twitch, twit, twitc, rat, eats garbage, sewer skewer, sewer skewers
tryndamere, try, tryn, trynd, trynda, tryndam, tryndame, tryndamer, marc, marc merrill
karthus, kart, karth, karthu
amumu, amu, amum, mummy, mum, mumu
cho'gath, cho, chogath, cho gath, cho'g, cho'ga, cho'gat, chog, choga, chogat
anivia, aniv, anivi, egg, eggniv, eggnivia
rammus, ram, ramm, rammu, ok
veigar, vei, veig, veiga, final boss
kassadin, kass, kassa, kassad, kassadi
gangplank, gp, gang, plank, barrel, barrels
taric, tar, tari, fab, fabulous
blitzcrank, blitz, bli, blit, blitzc, blitzcr, blitzcra, blitzcran, hook
dr. mundo, mundo, drmundo, dr mundo, doctor, the doctor, dr. 
janna, jan, jann
malphite, rock, mountain, malp, malph, malphi, malphit, rock solid
corki, cor, cork
katarina, kat, kata, katar, katari, katarin
nasus, nas, susan, dog
heimerdinger, heimer, dinger, donger, dong, heim, heime,
shaco, sha, shac
udyr, udy
nidalee, nid, nida, nidal, nidale
poppy, pop, popp, hammer
gragas, grag, graga, keg, large and in charge
pantheon, pan, pant, panth, panthe, pantheo
mordekaiser, mord, morde, mordek, mordeka, mordekai, mordekais, mordekaise
ezreal, ez, ezr, ezre, ezrea, gauntlet, twink
shen
kennen, ken, kenn, kenne
garen, gar, gare
akali, aka, akal
malzahar, malz, malza, malzah, malzaha, press r champ
olaf, ola
kog'maw, kog, kogmaw, kog maw, kog'm, kog'ma, kogm, kogma, maw
xin zhao, xin, xinzhao, zhao, xin z, xin zh, xin zha
vladimir, vla, vlad, vladi, vladim, vladimi
galio, gal, gali
urgot, urg, urgo, urgod
miss fortune, mf, mis, miss, fortune, miss f, missf
sona, son
swain, swa, swai
lux
leblanc, lb, leb, lebl, lebla, leblanc, blanc
irelia, ire, irel, ireli
trundle, tru, trun, trund, trundl, troll
cassiopeia, cas, cass, cassi, cassio, cassiop, cassiope, cassiopei, cassiopia
caitlyn, cai, cait, caitl, caitly
renekton, rene, renek, renekt, renekto, gator, croc, alligator, crocodile
karma, karm
maokai, mao, maok, maoka, tree
jarvan iv, jarvan, j4, jarvaniv, jarv, jarva
nocturne, noc, noct, noctu, noctur, nocturn, darkness
lee sin, lee, sin, leesin, lee s, lee si
brand, bran
rumble, rum, rumb, rumbl
vayne, vay, vayn, vn
orianna, ori, oria, orian, oriann, oriana, ball
yorick, yor, yori, yoric
leona, leo, leon
wukong, wuk, wuko, wukon, monkey, monkey king
skarner, ska, skar, skarn, skarne
talon, tal, talo
riven, riv, rive
xerath, xer, xera, xerat
graves, grav, grave, cigar
shyvana, shy, shyv, shyva, shyvan
fizz, fiz, fish
volibear, vol, voli, volib, volibe, volibea, bear
ahri, ahr
viktor, vik, vikt, vikto
sejuani, sej, seju, sejua, sejuan
ziggs, zig, zigg, zigs, bomb, bombs
nautilus, nau, naut, nauti, nautil, nautilu
fiora, fio, fior, duel, duelist, grand duelist
lulu, lul, poly, polymorph, pix, harmless critter
hecarim, hec, heca, hecar, hecari, horse
varus, var, varu
darius, dar, dari, dariu
draven, drav, drave
jayce, jay, jayc
zyra, zyr
diana, dia, dian, moon
rengar, reng, renga, knife cat
syndra, syn, synd, syndr
kha'zix, kha, zix, khazix, kha zix, kha'z, kha'zi, khaz, khazi
elise, eli, elis, spider
zed
nami, nam
vi, six, 6
thresh, thr, thre, thres, lantern
quinn, qui, quin
zac, zaun amorphous combatant
lissandra, lis, liss, lissa, lissan, lissand, lissandr, ice queen
aatrox, aat, aatr, aatro, world ender
lucian, luc, luci, lucia
jinx, jin, powder
yasuo, yas, yasu
vel'koz, vel, koz, velkoz, vel koz, vel'k, vel'ko, velk, velko, eye, eye of sauron
braum, brau
gnar, gna
azir, azi, soldier, soldiers, shurima
kalista, kal, kali, kalis, kalist
rek'sai, rek, sai, reksai, rek sai, rek's, rek'sa, reks, reksa
bard, bar, chime, chimes
ekko, ekk
tahm kench, tah, tahm, kench, tahmkench, tahm k, tahm ke, tahm ken, tahmk, tahmke, tahmken, frog, river king
kindred, kin, kind, kindr, kindre, lamb
illaoi, ill, illa, illao, tentacle, tentacles
jhin, jhi, four
aurelion sol, aurelion, sol, aurelionsol, aur, aure, aurel, aureli, aurelio, aurelion s, aurelion so
taliyah, tali, taliy, taliya
kled, kle
ivern, ive, iver, daisy
camille, cam, cami, camil, camill, camile
rakan
xayah, xay, xaya, feather, feathers
kayn
ornn, orn, horn
zoe
kai'sa, kai, kai sa, kaisa, kai's, kais
pyke, pyk
neeko, nee, neek
sylas, syl, syla, chain, chains
yuumi, yuu, yuum, cat
qiyana, qiy, qiya, qiyan
senna, sen, senn
aphelios, aph, aphe, aphel, apheli, aphelio
sett, set
lillia, lil, lill, lilli, lilly, fawn
yone, yon, new yasuo
samira, sam, sami, samir
seraphine, ser, sera, serap, seraph, seraphi, seraphin, new sona
rell, rel
viego, vie, vieg, ruined king
gwen, gwe, scizzors, scissors
akshan, aks, aksh, aksha
vex
zeri, zer
